Марка;Цена;Метро;Ссылка
Lexus RX, 2019;3 180 000  ₽;Варшавская;https://www.avito.ru/moskva/avtomobili/lexus_rx_2019_1972011212
Lexus RX, 2020;5 351 000  ₽;Ховрино;https://www.avito.ru/moskva/avtomobili/lexus_rx_2020_2003373482
Lexus LX, 2020;8 264 000  ₽;Медведково;https://www.avito.ru/moskva/avtomobili/lexus_lx_2020_1971079805
Lexus ES, 2020;4 440 000  ₽;Медведково;https://www.avito.ru/moskva/avtomobili/lexus_es_2020_1971633165
Lexus ES, 2020;4 560 000  ₽;Домодедовская;https://www.avito.ru/moskva/avtomobili/lexus_es_2020_2003503528
Lexus NX, 2020;3 281 000  ₽;Домодедовская;https://www.avito.ru/moskva/avtomobili/lexus_nx_2020_1971679613
Lexus LX, 2020;7 880 000  ₽;Медведково;https://www.avito.ru/moskva/avtomobili/lexus_lx_2020_1971026417
Lexus LX, 2020;8 294 000  ₽;Домодедовская;https://www.avito.ru/moskva/avtomobili/lexus_lx_2020_1906956683
Lexus RX, 2020;3 784 000  ₽;Ховрино;https://www.avito.ru/moskva/avtomobili/lexus_rx_2020_2003143556
Lexus RX, 2011;1 349 000  ₽;Румянцево;https://www.avito.ru/moskva/avtomobili/lexus_rx_2011_1990930300
Lexus RX, 2020;3 840 000  ₽;Медведково;https://www.avito.ru/moskva/avtomobili/lexus_rx_2020_1971212577
Lexus LX, 2020;8 179 230  ₽;Ховрино;https://www.avito.ru/moskva/avtomobili/lexus_lx_2020_1971319584
Lexus RX, 2020;3 841 000  ₽;Домодедовская;https://www.avito.ru/moskva/avtomobili/lexus_rx_2020_2003523032
Lexus LX, 2020;7 806 000  ₽;Угрешская;https://www.avito.ru/moskva/avtomobili/lexus_lx_2020_1965314706
Lexus LX, 2020;9 740 000  ₽;Домодедовская;https://www.avito.ru/moskva/avtomobili/lexus_lx_2020_2003770842
Lexus RX, 2020;3 802 000  ₽;Домодедовская;https://www.avito.ru/moskva/avtomobili/lexus_rx_2020_2003487159
Lexus NX, 2020;3 501 000  ₽;Крылатское;https://www.avito.ru/moskva/avtomobili/lexus_nx_2020_2003282580
Lexus LX, 2020;9 844 000  ₽;Медведково;https://www.avito.ru/moskva/avtomobili/lexus_lx_2020_1907810212
Lexus ES, 2020;4 070 000  ₽;Ховрино;https://www.avito.ru/moskva/avtomobili/lexus_es_2020_1971876835
Lexus RX, 2020;4 000 000  ₽;Домодедовская;https://www.avito.ru/moskva/avtomobili/lexus_rx_2020_2003172748
Lexus LX, 2020;8 220 000  ₽;Ховрино;https://www.avito.ru/moskva/avtomobili/lexus_lx_2020_1971598892
Lexus RX, 2020;3 870 000  ₽;Крылатское;https://www.avito.ru/moskva/avtomobili/lexus_rx_2020_1970931309
Lexus RX, 2020;5 182 000  ₽;Домодедовская;https://www.avito.ru/moskva/avtomobili/lexus_rx_2020_1971073677
Lexus LX, 2014;3 290 000  ₽;Ломоносовский проспект;https://www.avito.ru/moskva/avtomobili/lexus_lx_2014_2005763603
Lexus RX, 2012;1 638 000  ₽;Угрешская;https://www.avito.ru/moskva/avtomobili/lexus_rx_2012_1998460371
Lexus LS, 2012;1 480 000  ₽;Верхние Лихоборы;https://www.avito.ru/moskva/avtomobili/lexus_ls_2012_2004433434
Lexus GX, 2013;2 749 000  ₽;Марьино;https://www.avito.ru/moskva/avtomobili/lexus_gx_2013_2003870147
Lexus LX, 2019;10 700 000  ₽;Киевская;https://www.avito.ru/moskva/avtomobili/lexus_lx_2019_1982145862
Lexus LX, 2018;7 000 000  ₽;Щукинская;https://www.avito.ru/moskva/avtomobili/lexus_lx_2018_2002540099
Lexus RX, 2015;2 756 000  ₽;Волоколамская;https://www.avito.ru/moskva/avtomobili/lexus_rx_2015_1964197254
Lexus ES, 2012;1 399 000  ₽;Бутырская;https://www.avito.ru/moskva/avtomobili/lexus_es_2012_2006493421
Lexus GX, 2015;3 414 400  ₽;Алтуфьево;https://www.avito.ru/moskva/avtomobili/lexus_gx_2015_1992471713
Lexus GS, 1998;390 000  ₽;ВДНХ;https://www.avito.ru/moskva/avtomobili/lexus_gs_1998_2007672447
Lexus GS, 2009;1 040 000  ₽;Шаболовская;https://www.avito.ru/moskva/avtomobili/lexus_gs_2009_1984056142
Lexus RX, 2014;2 095 000  ₽;Румянцево;https://www.avito.ru/moskva/avtomobili/lexus_rx_2014_1991374347
Lexus CT, 2011;1 250 000  ₽;Улица академика Янгеля;https://www.avito.ru/moskva/avtomobili/lexus_ct_2011_2001574318
Lexus IS, 2011;850 000  ₽;Окская;https://www.avito.ru/moskva/avtomobili/lexus_is_2011_1966047786
Lexus GX, 2004;1 062 000  ₽;Бабушкинская;https://www.avito.ru/moskva/avtomobili/lexus_gx_2004_1977959460
Lexus IS, 2010;920 000  ₽;Планерная;https://www.avito.ru/moskva/avtomobili/lexus_is_2010_1970519622
Lexus LX, 2017;5 150 000  ₽;Молодежная;https://www.avito.ru/moskva/avtomobili/lexus_lx_2017_1999331708
Lexus RX, 2008;950 000  ₽;Алтуфьево;https://www.avito.ru/moskva/avtomobili/lexus_rx_2008_1761399578
Lexus UX, 2019;2 515 000  ₽;Крылатское;https://www.avito.ru/moskva/avtomobili/lexus_ux_2019_1978058346
Lexus LX, 2017;4 870 000  ₽;Крылатское;https://www.avito.ru/moskva/avtomobili/lexus_lx_2017_1978229558
Lexus RX, 2012;1 445 000  ₽;Академическая;https://www.avito.ru/moskva/avtomobili/lexus_rx_2012_1965377211
Lexus RX, 2015;1 490 000  ₽;Кунцевская;https://www.avito.ru/moskva/avtomobili/lexus_rx_2015_1976308300
Lexus IS, 2008;820 000  ₽;Митино;https://www.avito.ru/moskva/avtomobili/lexus_is_2008_1982516696
Lexus LX, 2012;2 850 000  ₽;ВДНХ;https://www.avito.ru/moskva/avtomobili/lexus_lx_2012_1908606333
Lexus LX, 2015;3 830 000  ₽;Варшавская;https://www.avito.ru/moskva/avtomobili/lexus_lx_2015_1967198052
Lexus RX, 2019;4 300 000  ₽;Автозаводская;https://www.avito.ru/moskva/avtomobili/lexus_rx_2019_2009160430
Lexus LX, 2018;7 300 000  ₽;Шелепиха;https://www.avito.ru/moskva/avtomobili/lexus_lx_2018_2011673330
Lexus ES, 2015;1 720 000  ₽;Жулебино;https://www.avito.ru/moskva/avtomobili/lexus_es_2015_1997794067
Lexus RX, 2016;3 198 000  ₽;Ясенево;https://www.avito.ru/moskva/avtomobili/lexus_rx_2016_2011998658
Lexus RX, 2019;1 280 000  ₽;Митино;https://www.avito.ru/moskva/avtomobili/lexus_rx_2019_1988430740
Lexus LS, 2014;2 050 000  ₽;Новые Черемушки;https://www.avito.ru/moskva/avtomobili/lexus_ls_2014_2007860483
Lexus RX, 2008;770 000  ₽;Молодежная;https://www.avito.ru/moskva/avtomobili/lexus_rx_2008_1994010020
Lexus LX, 2016;4 500 000  ₽;Добрынинская;https://www.avito.ru/moskva/avtomobili/lexus_lx_2016_1986380748
Lexus RX, 2004;850 000  ₽;Филевский парк;https://www.avito.ru/moskva/avtomobili/lexus_rx_2004_1975798864
Lexus GS, 2014;1 630 000  ₽;Люблино;https://www.avito.ru/moskva/avtomobili/lexus_gs_2014_2010934505
Lexus GS, 2010;950 000  ₽;Шипиловская;https://www.avito.ru/moskva/avtomobili/lexus_gs_2010_2012116384
Lexus ES, 2014;1 399 000  ₽;Алтуфьево;https://www.avito.ru/moskva/avtomobili/lexus_es_2014_1988883735
Lexus LS, 2002;540 000  ₽;Косино;https://www.avito.ru/moskva/avtomobili/lexus_ls_2002_2000449914
Lexus RX, 2013;2 000 000  ₽;Преображенская площадь;https://www.avito.ru/moskva/avtomobili/lexus_rx_2013_1965100217
Lexus NX, 2020;3 236 000  ₽;Угрешская;https://www.avito.ru/moskva/avtomobili/lexus_nx_2020_1997558400
Lexus GX, 2012;1 950 000  ₽;Ломоносовский проспект;https://www.avito.ru/moskva/avtomobili/lexus_gx_2012_1985578389
Lexus LS, 2008;900 000  ₽;Домодедовская;https://www.avito.ru/moskva/avtomobili/lexus_ls_2008_2012464597
Lexus CT, 2012;985 000  ₽;Марьино;https://www.avito.ru/moskva/avtomobili/lexus_ct_2012_1993287016
Lexus LX, 2018;6 700 000  ₽;Площадь революции;https://www.avito.ru/moskva/avtomobili/lexus_lx_2018_2013356437
Lexus RX, 2004;719 000  ₽;Румянцево;https://www.avito.ru/moskva/avtomobili/lexus_rx_2004_1991411124
Lexus NX, 2015;2 020 000  ₽;Рижская;https://www.avito.ru/moskva/avtomobili/lexus_nx_2015_1994454918
Lexus LX, 2004;1 190 000  ₽;Жулебино;https://www.avito.ru/moskva/avtomobili/lexus_lx_2004_2008517740
Lexus GX, 2014;2 970 000  ₽;Печатники;https://www.avito.ru/moskva/avtomobili/lexus_gx_2014_1984424837
Lexus GX, 2007;1 450 000  ₽;ЗИЛ;https://www.avito.ru/moskva/avtomobili/lexus_gx_2007_2007752768
Lexus LX, 2016;4 380 000  ₽;Медведково;https://www.avito.ru/moskva/avtomobili/lexus_lx_2016_1995893053
Lexus RX, 2015;1 927 000  ₽;Саларьево;https://www.avito.ru/moskva/avtomobili/lexus_rx_2015_2001168586
Lexus RX, 2000;315 000  ₽;Домодедовская;https://www.avito.ru/moskva/avtomobili/lexus_rx_2000_2003068286
Lexus ES, 2018;2 750 000  ₽;Селигерская;https://www.avito.ru/moskva/avtomobili/lexus_es_2018_2006708996
Lexus RX, 2011;1 799 999  ₽;Тушинская;https://www.avito.ru/moskva/avtomobili/lexus_rx_2011_2006436651
Lexus LX, 2019;6 100 000  ₽;Спортивная;https://www.avito.ru/moskva/avtomobili/lexus_lx_2019_1904229941
Lexus RX, 2009;1 499 000  ₽;Планерная;https://www.avito.ru/moskva/avtomobili/lexus_rx_2009_2002799094
Lexus RX, 2017;3 899 000  ₽;Планерная;https://www.avito.ru/moskva/avtomobili/lexus_rx_2017_2002810384
Lexus RX, 2012;1 650 000  ₽;Пражская;https://www.avito.ru/moskva/avtomobili/lexus_rx_2012_1988016893
Lexus ES, 2020;4 180 000  ₽;Крылатское;https://www.avito.ru/moskva/avtomobili/lexus_es_2020_2003705168
Lexus LX, 2020;8 250 000  ₽;Шелепиха;https://www.avito.ru/moskva/avtomobili/lexus_lx_2020_2011193552
Lexus LS, 2005;590 000  ₽;Планерная;https://www.avito.ru/moskva/avtomobili/lexus_ls_2005_1998257670
Lexus IS, 2008;650 000  ₽;Улица Скобелевская;https://www.avito.ru/moskva/avtomobili/lexus_is_2008_1973336001
Lexus GS, 2008;1 000 000  ₽;Рижская;https://www.avito.ru/moskva/avtomobili/lexus_gs_2008_1953313567
Lexus RX, 2019;2 930 000  ₽;Студенческая;https://www.avito.ru/moskva/avtomobili/lexus_rx_2019_2004828041
Lexus GS, 2011;899 000  ₽;Славянский бульвар;https://www.avito.ru/moskva/avtomobili/lexus_gs_2011_1897617363
Lexus LX, 2020;7 990 000  ₽;Новые Черемушки;https://www.avito.ru/moskva/avtomobili/lexus_lx_2020_2002467442
Lexus NX, 2015;2 500 000  ₽;Молодежная;https://www.avito.ru/moskva/avtomobili/lexus_nx_2015_2005936255
Lexus LS, 2005;940 000  ₽;Коптево;https://www.avito.ru/moskva/avtomobili/lexus_ls_2005_134585594
Lexus LX, 2020;9 548 000  ₽;Медведково;https://www.avito.ru/moskva/avtomobili/lexus_lx_2020_1971400719
Lexus LX, 2008;1 839 999  ₽;Площадь революции;https://www.avito.ru/moskva/avtomobili/lexus_lx_2008_1994007284
Lexus GX, 2011;2 100 000  ₽;Рижская;https://www.avito.ru/moskva/avtomobili/lexus_gx_2011_1994870425
Lexus LX, 2017;5 145 000  ₽;Волгоградский проспект;https://www.avito.ru/moskva/avtomobili/lexus_lx_2017_1972636320
Lexus RX, 2011;1 320 000  ₽;Бауманская;https://www.avito.ru/moskva/avtomobili/lexus_rx_2011_1965098204
Lexus NX, 2016;2 550 000  ₽;Проспект Вернадского;https://www.avito.ru/moskva/avtomobili/lexus_nx_2016_1924162857
Lexus ES, 2020;4 582 500  ₽;Медведково;https://www.avito.ru/moskva/avtomobili/lexus_es_2020_2003887275
Lexus GS, 1999;295 000  ₽;Кунцевская;https://www.avito.ru/moskva/avtomobili/lexus_gs_1999_1902059624
Lexus LX, 2008;1 980 000  ₽;Тропарево;https://www.avito.ru/moskva/avtomobili/lexus_lx_2008_1963646020
Lexus LX, 2005;1 400 000  ₽;Площадь революции;https://www.avito.ru/moskva/avtomobili/lexus_lx_2005_1959887920
Lexus LS, 2013;1 990 000  ₽;Динамо;https://www.avito.ru/moskva/avtomobili/lexus_ls_2013_1935542883
Lexus LS, 2009;800 000  ₽;Румянцево;https://www.avito.ru/moskva/avtomobili/lexus_ls_2009_1999532134
Lexus LX, 2018;6 895 000  ₽;Шелепиха;https://www.avito.ru/moskva/avtomobili/lexus_lx_2018_2011372016
Lexus LX, 2016;3 990 000  ₽;Электрозаводская;https://www.avito.ru/moskva/avtomobili/lexus_lx_2016_1987817305
Lexus RX, 2017;2 986 000  ₽;Красные ворота;https://www.avito.ru/moskva/avtomobili/lexus_rx_2017_1937971804
Lexus NX, 2020;4 460 000  ₽;Домодедовская;https://www.avito.ru/moskva/avtomobili/lexus_nx_2020_1971759801
Lexus RX, 2000;430 000  ₽;Сокольники;https://www.avito.ru/moskva/avtomobili/lexus_rx_2000_1998928107
Lexus IS, 2013;1 249 999  ₽;Озёрная;https://www.avito.ru/moskva/avtomobili/lexus_is_2013_1876218858
Lexus LX, 2020;7 567 000  ₽;Угрешская;https://www.avito.ru/moskva/avtomobili/lexus_lx_2020_1965093607
Lexus RX, 2011;1 399 999  ₽;Алексеевская;https://www.avito.ru/moskva/avtomobili/lexus_rx_2011_1999731686
Lexus GX, 2003;1 050 000  ₽;Сходненская;https://www.avito.ru/moskva/avtomobili/lexus_gx_2003_1983936829
Lexus IS, 2007;650 000  ₽;Площадь революции;https://www.avito.ru/moskva/avtomobili/lexus_is_2007_1350004720
Lexus NX, 2016;2 275 000  ₽;Домодедовская;https://www.avito.ru/moskva/avtomobili/lexus_nx_2016_2002961495
Lexus ES, 2016;2 250 000  ₽;Юго-Западная;https://www.avito.ru/moskva/avtomobili/lexus_es_2016_1290258437
Lexus LX, 2017;4 890 000  ₽;Киевская;https://www.avito.ru/moskva/avtomobili/lexus_lx_2017_1982445459
Lexus LX, 2011;2 350 000  ₽;Марксистская;https://www.avito.ru/moskva/avtomobili/lexus_lx_2011_2004254396
Lexus RX, 2005;745 000  ₽;Перово;https://www.avito.ru/moskva/avtomobili/lexus_rx_2005_1987860375
Lexus ES, 2019;2 700 000  ₽;Строгино;https://www.avito.ru/moskva/avtomobili/lexus_es_2019_1926681747
Lexus RX, 2020;5 059 000  ₽;Медведково;https://www.avito.ru/moskva/avtomobili/lexus_rx_2020_1971173290
Lexus LX, 2020;7 992 000  ₽;Крылатское;https://www.avito.ru/moskva/avtomobili/lexus_lx_2020_1970966213
Lexus RX, 2014;2 150 000  ₽;Алма-Атинская;https://www.avito.ru/moskva/avtomobili/lexus_rx_2014_1994449378
Lexus GS, 2006;700 000  ₽;Бабушкинская;https://www.avito.ru/moskva/avtomobili/lexus_gs_2006_1932281882
Lexus NX, 2020;2 997 000  ₽;Угрешская;https://www.avito.ru/moskva/avtomobili/lexus_nx_2020_1997310643
Lexus LX, 2020;7 806 000  ₽;Угрешская;https://www.avito.ru/moskva/avtomobili/lexus_lx_2020_1997439098
Lexus NX, 2016;1 950 000  ₽;Первомайская;https://www.avito.ru/moskva/avtomobili/lexus_nx_2016_1996660392
Lexus RX, 2011;1 470 000  ₽;Курская;https://www.avito.ru/moskva/avtomobili/lexus_rx_2011_2004216819
Lexus CT, 2011;1 000 000  ₽;Водный стадион;https://www.avito.ru/moskva/avtomobili/lexus_ct_2011_1955567889
Lexus LS, 2018;5 200 000  ₽;Крылатское;https://www.avito.ru/moskva/avtomobili/lexus_ls_2018_2009218468
Lexus IS, 2006;450 000  ₽;Улица Скобелевская;https://www.avito.ru/moskva/avtomobili/lexus_is_2006_1997072185
Lexus LS, 2007;620 000  ₽;Ботанический сад;https://www.avito.ru/moskva/avtomobili/lexus_ls_2007_1890239791
Lexus RX, 2014;1 580 000  ₽;Медведково;https://www.avito.ru/moskva/avtomobili/lexus_rx_2014_1987717765
Lexus RX, 2013;2 107 000  ₽;Ясенево;https://www.avito.ru/moskva/avtomobili/lexus_rx_2013_2012741189
Lexus CT, 2012;1 329 000  ₽;Алтуфьево;https://www.avito.ru/moskva/avtomobili/lexus_ct_2012_1981598624
Lexus NX, 2020;3 372 500  ₽;Угрешская;https://www.avito.ru/moskva/avtomobili/lexus_nx_2020_1997070457
Lexus GS, 2013;1 350 000  ₽;Раменки;https://www.avito.ru/moskva/avtomobili/lexus_gs_2013_1977706177
Lexus ES, 2014;1 325 000  ₽;Румянцево;https://www.avito.ru/moskva/avtomobili/lexus_es_2014_1991326501
Lexus LX, 2008;2 000 000  ₽;Ломоносовский проспект;https://www.avito.ru/moskva/avtomobili/lexus_lx_2008_2006707727
Lexus RX, 2015;2 398 000  ₽;Угрешская;https://www.avito.ru/moskva/avtomobili/lexus_rx_2015_1998416160
Lexus NX, 2016;1 900 000  ₽;Деловой центр (МЦК);https://www.avito.ru/moskva/avtomobili/lexus_nx_2016_1864136051
Lexus RX, 2020;4 280 000  ₽;Крылатское;https://www.avito.ru/moskva/avtomobili/lexus_rx_2020_1971832692
Lexus NX, 2016;2 300 000  ₽;Селигерская;https://www.avito.ru/moskva/avtomobili/lexus_nx_2016_1993063752
Lexus RX, 2007;849 000  ₽;Медведково;https://www.avito.ru/moskva/avtomobili/lexus_rx_2007_1996908960
Lexus GS, 2007;800 000  ₽;Щелковская;https://www.avito.ru/moskva/avtomobili/lexus_gs_2007_1994437701
Lexus LX, 2020;7 806 000  ₽;Угрешская;https://www.avito.ru/moskva/avtomobili/lexus_lx_2020_1965781395
Lexus LX, 2019;6 500 000  ₽;Аннино;https://www.avito.ru/moskva/avtomobili/lexus_lx_2019_1996098765
Lexus LX, 2020;7 844 000  ₽;Угрешская;https://www.avito.ru/moskva/avtomobili/lexus_lx_2020_1997504889
Lexus RX, 2017;3 100 000  ₽;ЗИЛ;https://www.avito.ru/moskva/avtomobili/lexus_rx_2017_2007169138
Lexus ES, 2014;1 490 000  ₽;Новокосино;https://www.avito.ru/moskva/avtomobili/lexus_es_2014_1864581834
Lexus NX, 2020;3 303 500  ₽;Угрешская;https://www.avito.ru/moskva/avtomobili/lexus_nx_2020_1933655573
Lexus LX, 2019;6 455 000  ₽;Ясенево;https://www.avito.ru/moskva/avtomobili/lexus_lx_2019_2012262541
Lexus LX, 2020;7 349 000  ₽;Угрешская;https://www.avito.ru/moskva/avtomobili/lexus_lx_2020_1997837831
Lexus LX, 2003;1 200 000  ₽;Бибирево;https://www.avito.ru/moskva/avtomobili/lexus_lx_2003_1875997788
Lexus GS, 2012;1 450 000  ₽;Бабушкинская;https://www.avito.ru/moskva/avtomobili/lexus_gs_2012_2003706073
Lexus IS, 2015;1 250 000  ₽;Шоссе Энтузиастов;https://www.avito.ru/moskva/avtomobili/lexus_is_2015_2000795269
Lexus RX, 2003;750 000  ₽;Домодедовская;https://www.avito.ru/moskva/avtomobili/lexus_rx_2003_1982312853
Lexus LS, 2008;1 100 000  ₽;Крылатское;https://www.avito.ru/moskva/avtomobili/lexus_ls_2008_1859103515
Lexus LX, 2003;1 399 000  ₽;Пятницкое шоссе;https://www.avito.ru/moskva/avtomobili/lexus_lx_2003_1985889679
Lexus ES, 2012;1 420 000  ₽;Планерная;https://www.avito.ru/moskva/avtomobili/lexus_es_2012_1970509882
Lexus ES, 2018;1 950 000  ₽;Южная;https://www.avito.ru/moskva/avtomobili/lexus_es_2018_1987632919
Lexus LS, 2009;880 000  ₽;Новокосино;https://www.avito.ru/moskva/avtomobili/lexus_ls_2009_1979189832
Lexus LS, 2014;2 200 000  ₽;Улица академика Янгеля;https://www.avito.ru/moskva/avtomobili/lexus_ls_2014_1819401220
Lexus ES, 2012;1 099 000  ₽;Домодедовская;https://www.avito.ru/moskva/avtomobili/lexus_es_2012_1978470811
Lexus LX, 2016;4 400 000  ₽;Спортивная;https://www.avito.ru/moskva/avtomobili/lexus_lx_2016_1994288137
Lexus RX, 2008;949 000  ₽;Теплый стан;https://www.avito.ru/moskva/avtomobili/lexus_rx_2008_1990212832
Lexus RX, 2000;650 000  ₽;Крылатское;https://www.avito.ru/moskva/avtomobili/lexus_rx_2000_1986554221
Lexus IS, 2014;1 550 000  ₽;Улица академика Янгеля;https://www.avito.ru/moskva/avtomobili/lexus_is_2014_2006818428
Lexus NX, 2020;3 019 500  ₽;Угрешская;https://www.avito.ru/moskva/avtomobili/lexus_nx_2020_1997842386
Lexus RX, 2013;1 649 000  ₽;Южная;https://www.avito.ru/moskva/avtomobili/lexus_rx_2013_2009310118
Lexus GS, 2010;865 000  ₽;Кантемировская;https://www.avito.ru/moskva/avtomobili/lexus_gs_2010_1980140558
Lexus GX, 2014;2 749 000  ₽;Крестьянская застава;https://www.avito.ru/moskva/avtomobili/lexus_gx_2014_1926715261
Lexus NX, 2020;3 020 000  ₽;Угрешская;https://www.avito.ru/moskva/avtomobili/lexus_nx_2020_1933515511
Lexus LS, 2012;1 300 000  ₽;Планерная;https://www.avito.ru/moskva/avtomobili/lexus_ls_2012_1975655354
Lexus IS, 1999;320 000  ₽;Домодедовская;https://www.avito.ru/moskva/avtomobili/lexus_is_1999_1988880743
Lexus LX, 2012;2 747 913  ₽;Планерная;https://www.avito.ru/moskva/avtomobili/lexus_lx_2012_1970613053
Lexus NX, 2018;3 049 000  ₽;Планерная;https://www.avito.ru/moskva/avtomobili/lexus_nx_2018_1970711793
Lexus RX, 2013;1 753 000  ₽;Домодедовская;https://www.avito.ru/moskva/avtomobili/lexus_rx_2013_2009994751
Lexus LX, 2018;5 750 000  ₽;Курская;https://www.avito.ru/moskva/avtomobili/lexus_lx_2018_1980487072
Lexus IS, 2010;1 000 000  ₽;ЦСКА;https://www.avito.ru/moskva/avtomobili/lexus_is_2010_1853819364
Lexus LX, 2007;1 735 000  ₽;Медведково;https://www.avito.ru/moskva/avtomobili/lexus_lx_2007_1981092557
Lexus LX, 2002;1 300 000  ₽;Фрунзенская;https://www.avito.ru/moskva/avtomobili/lexus_lx_2002_1867070285
Lexus RX, 1999;367 000  ₽;Ясенево;https://www.avito.ru/moskva/avtomobili/lexus_rx_1999_1980270863
Lexus LX, 2020;7 595 000  ₽;Угрешская;https://www.avito.ru/moskva/avtomobili/lexus_lx_2020_1997109077
Lexus GS, 2005;430 000  ₽;Крылатское;https://www.avito.ru/moskva/avtomobili/lexus_gs_2005_1846472932
Lexus RX, 2001;549 960  ₽;Некрасовка;https://www.avito.ru/moskva/avtomobili/lexus_rx_2001_1991389467
Lexus NX, 2017;2 345 000  ₽;Площадь революции;https://www.avito.ru/moskva/avtomobili/lexus_nx_2017_2010945853
Lexus RX, 2019;3 250 000  ₽;Проспект Вернадского;https://www.avito.ru/moskva/avtomobili/lexus_rx_2019_1994079595
Lexus ES, 2013;1 400 000  ₽;Перово;https://www.avito.ru/moskva/avtomobili/lexus_es_2013_1718646927
Lexus ES, 2014;1 458 000  ₽;Румянцево;https://www.avito.ru/moskva/avtomobili/lexus_es_2014_1991715495
Lexus IS, 2002;470 000  ₽;Площадь революции;https://www.avito.ru/moskva/avtomobili/lexus_is_2002_1884769857
Lexus GX, 2004;1 100 000  ₽;Улица 1905 года;https://www.avito.ru/moskva/avtomobili/lexus_gx_2004_1990154242
Lexus LX, 2019;8 100 000  ₽;Шелепиха;https://www.avito.ru/moskva/avtomobili/lexus_lx_2019_2011288677
Lexus ES, 2014;1 449 000  ₽;Домодедовская;https://www.avito.ru/moskva/avtomobili/lexus_es_2014_2006162306
Lexus LX, 2008;1 680 000  ₽;Митино;https://www.avito.ru/moskva/avtomobili/lexus_lx_2008_2005903365
Lexus IS, 2007;520 000  ₽;Говорово;https://www.avito.ru/moskva/avtomobili/lexus_is_2007_1972449349
Lexus GS, 2008;750 000  ₽;Боровское шоссе;https://www.avito.ru/moskva/avtomobili/lexus_gs_2008_1973300278
Lexus LX, 2016;4 597 000  ₽;Ясенево;https://www.avito.ru/moskva/avtomobili/lexus_lx_2016_2012425125
Lexus LX, 2017;4 990 000  ₽;Университет;https://www.avito.ru/moskva/avtomobili/lexus_lx_2017_1986446973
Lexus NX, 2016;1 897 000  ₽;Саларьево;https://www.avito.ru/moskva/avtomobili/lexus_nx_2016_2004051198
Lexus LX, 2014;3 475 000  ₽;Домодедовская;https://www.avito.ru/moskva/avtomobili/lexus_lx_2014_2007198834
Lexus GS, 2007;750 000  ₽;Варшавская;https://www.avito.ru/moskva/avtomobili/lexus_gs_2007_1986000757
Lexus IS, 2013;1 850 000  ₽;Марьина Роща;https://www.avito.ru/moskva/avtomobili/lexus_is_2013_2011802710
Lexus RX, 2008;849 000  ₽;Румянцево;https://www.avito.ru/moskva/avtomobili/lexus_rx_2008_1991732657
Lexus SC, 2006;1 100 000  ₽;Сухаревская;https://www.avito.ru/moskva/avtomobili/lexus_sc_2006_1406376996
Lexus IS, 2014;1 320 000  ₽;Пятницкое шоссе;https://www.avito.ru/moskva/avtomobili/lexus_is_2014_1976367441
Lexus LX, 2019;7 070 000  ₽;Кунцевская;https://www.avito.ru/moskva/avtomobili/lexus_lx_2019_2012178914
Lexus RX, 2008;1 100 000  ₽;Академическая;https://www.avito.ru/moskva/avtomobili/lexus_rx_2008_2007141392
Lexus LX, 2016;5 999 999  ₽;Маяковская;https://www.avito.ru/moskva/avtomobili/lexus_lx_2016_1915189248
Lexus LX, 2017;6 489 000  ₽;Тульская;https://www.avito.ru/moskva/avtomobili/lexus_lx_2017_1944235408
Lexus RX, 2011;1 237 000  ₽;Ясенево;https://www.avito.ru/moskva/avtomobili/lexus_rx_2011_1980376672
Lexus RX, 2016;3 160 000  ₽;ЦСКА;https://www.avito.ru/moskva/avtomobili/lexus_rx_2016_1950244609
Lexus NX, 2016;2 300 000  ₽;Планерная;https://www.avito.ru/moskva/avtomobili/lexus_nx_2016_2010258442
Lexus ES, 2015;1 700 000  ₽;Щелковская;https://www.avito.ru/moskva/avtomobili/lexus_es_2015_2007828599
Lexus RX, 2013;1 590 000  ₽;Ховрино;https://www.avito.ru/moskva/avtomobili/lexus_rx_2013_1938794989
Lexus RX, 2005;740 000  ₽;Орехово;https://www.avito.ru/moskva/avtomobili/lexus_rx_2005_1994368656
Lexus RX, 2019;4 950 000  ₽;Лефортово;https://www.avito.ru/moskva/avtomobili/lexus_rx_2019_2006895496
Lexus IS, 2006;540 000  ₽;Площадь революции;https://www.avito.ru/moskva/avtomobili/lexus_is_2006_1960842252
Lexus LX, 2016;4 850 000  ₽;Бауманская;https://www.avito.ru/moskva/avtomobili/lexus_lx_2016_1992336846
Lexus RX, 2003;600 000  ₽;Алтуфьево;https://www.avito.ru/moskva/avtomobili/lexus_rx_2003_1987371047
Lexus RX, 2011;1 650 000  ₽;Новослободская;https://www.avito.ru/moskva/avtomobili/lexus_rx_2011_1983371814
Lexus IS, 2018;1 798 000  ₽;Жулебино;https://www.avito.ru/moskva/avtomobili/lexus_is_2018_1908170156
Lexus RX, 2013;1 950 000  ₽;Проспект Вернадского;https://www.avito.ru/moskva/avtomobili/lexus_rx_2013_1973627926
Lexus RX, 2007;1 099 000  ₽;Бабушкинская;https://www.avito.ru/moskva/avtomobili/lexus_rx_2007_2013895140
Lexus GX, 2016;600 000  ₽;Славянский бульвар;https://www.avito.ru/moskva/avtomobili/lexus_gx_2016_1880943590
Lexus LX, 2018;5 449 000  ₽;Кунцевская;https://www.avito.ru/moskva/avtomobili/lexus_lx_2018_1999650835
Lexus GX, 2015;2 799 000  ₽;Молодежная;https://www.avito.ru/moskva/avtomobili/lexus_gx_2015_2006593099
Lexus LX, 2010;3 300 000  ₽;Тропарево;https://www.avito.ru/moskva/avtomobili/lexus_lx_2010_1992352595
Lexus GS, 2012;1 300 000  ₽;Бабушкинская;https://www.avito.ru/moskva/avtomobili/lexus_gs_2012_1851682042
Lexus RX, 2012;1 830 000  ₽;Рижская;https://www.avito.ru/moskva/avtomobili/lexus_rx_2012_1994111118
Lexus RX, 2008;780 000  ₽;Аннино;https://www.avito.ru/moskva/avtomobili/lexus_rx_2008_1153308724
Lexus RX, 2017;3 130 000  ₽;Молодежная;https://www.avito.ru/moskva/avtomobili/lexus_rx_2017_2007346340
Lexus LS, 2008;799 000  ₽;Южная;https://www.avito.ru/moskva/avtomobili/lexus_ls_2008_2009185787
Lexus RX, 2016;3 070 000  ₽;Балтийская;https://www.avito.ru/moskva/avtomobili/lexus_rx_2016_2005434902
Lexus RX, 2008;1 219 000  ₽;Беломорская;https://www.avito.ru/moskva/avtomobili/lexus_rx_2008_1955028595
Lexus LX, 2016;5 248 000  ₽;Угрешская;https://www.avito.ru/moskva/avtomobili/lexus_lx_2016_1997992831
Lexus IS, 2007;670 000  ₽;Медведково;https://www.avito.ru/moskva/avtomobili/lexus_is_2007_1992447132
Lexus GS, 2008;649 999  ₽;Коломенская;https://www.avito.ru/moskva/avtomobili/lexus_gs_2008_1939853989
Lexus LX, 2015;4 098 000  ₽;Ясенево;https://www.avito.ru/moskva/avtomobili/lexus_lx_2015_2012491694
Lexus GX, 2014;2 650 000  ₽;Селигерская;https://www.avito.ru/moskva/avtomobili/lexus_gx_2014_2012147487
Lexus LX, 2017;5 100 000  ₽;Крылатское;https://www.avito.ru/moskva/avtomobili/lexus_lx_2017_1821404037
Lexus LX, 2008;1 758 000  ₽;Ясенево;https://www.avito.ru/moskva/avtomobili/lexus_lx_2008_1980195821
Lexus ES, 2014;1 580 000  ₽;Первомайская;https://www.avito.ru/moskva/avtomobili/lexus_es_2014_1997920735
Lexus ES, 2011;1 250 000  ₽;Шелепиха;https://www.avito.ru/moskva/avtomobili/lexus_es_2011_2010393596
Lexus GX, 2004;1 079 900  ₽;Мякинино;https://www.avito.ru/moskva/avtomobili/lexus_gx_2004_1974620797
Lexus NX, 2015;2 147 000  ₽;Угрешская;https://www.avito.ru/moskva/avtomobili/lexus_nx_2015_1998336352
Lexus NX, 2017;2 250 000  ₽;Щукинская;https://www.avito.ru/moskva/avtomobili/lexus_nx_2017_2006300269
Lexus RX, 2017;3 400 000  ₽;Лубянка;https://www.avito.ru/moskva/avtomobili/lexus_rx_2017_1991801224
Lexus RX, 2014;1 993 100  ₽;Озёрная;https://www.avito.ru/moskva/avtomobili/lexus_rx_2014_1988398101
Lexus GS, 2007;580 000  ₽;Площадь революции;https://www.avito.ru/moskva/avtomobili/lexus_gs_2007_1842725360
Lexus GX, 2014;1 480 000  ₽;Зябликово;https://www.avito.ru/moskva/avtomobili/lexus_gx_2014_1993998748
Lexus RX, 2019;3 500 000  ₽;Крымская;https://www.avito.ru/moskva/avtomobili/lexus_rx_2019_1983190355
Lexus IS, 2013;1 550 000  ₽;Ростокино;https://www.avito.ru/moskva/avtomobili/lexus_is_2013_1989247430
Lexus LX, 2013;3 430 000  ₽;Зорге;https://www.avito.ru/moskva/avtomobili/lexus_lx_2013_2001856869
Lexus RX, 2018;3 390 000  ₽;ЗИЛ;https://www.avito.ru/moskva/avtomobili/lexus_rx_2018_1975734833
Lexus LX, 2018;6 300 000  ₽;Соколиная гора;https://www.avito.ru/moskva/avtomobili/lexus_lx_2018_1993058333
Lexus GS, 2014;1 850 000  ₽;Молодежная;https://www.avito.ru/moskva/avtomobili/lexus_gs_2014_1959726659
Lexus RX, 2006;700 000  ₽;Новопеределкино;https://www.avito.ru/moskva/avtomobili/lexus_rx_2006_2002790521
Lexus IS, 2008;800 000  ₽;Проспект Вернадского;https://www.avito.ru/moskva/avtomobili/lexus_is_2008_1939489475
Lexus LX, 2016;5 100 000  ₽;Волгоградский проспект;https://www.avito.ru/moskva/avtomobili/lexus_lx_2016_1977772869
Lexus RX, 2004;700 000  ₽;Отрадное;https://www.avito.ru/moskva/avtomobili/lexus_rx_2004_1976466331
Lexus LS, 2013;1 780 000  ₽;Новопеределкино;https://www.avito.ru/moskva/avtomobili/lexus_ls_2013_1988567059
Lexus LX, 2020;8 426 500  ₽;Площадь революции;https://www.avito.ru/moskva/avtomobili/lexus_lx_2020_1986147881
Lexus LX, 2013;3 550 000  ₽;Библиотека им. Ленина;https://www.avito.ru/moskva/avtomobili/lexus_lx_2013_2011965192
Lexus GX, 2003;1 070 000  ₽;Селигерская;https://www.avito.ru/moskva/avtomobili/lexus_gx_2003_1999193630
Lexus ES, 2015;1 000 000  ₽;Войковская;https://www.avito.ru/moskva/avtomobili/lexus_es_2015_1976200972
Lexus NX, 2017;2 297 000  ₽;Угрешская;https://www.avito.ru/moskva/avtomobili/lexus_nx_2017_1998621881
Lexus LX, 2017;5 299 000  ₽;Дубровка;https://www.avito.ru/moskva/avtomobili/lexus_lx_2017_1964498489
Lexus RX, 2012;1 386 000  ₽;Зябликово;https://www.avito.ru/moskva/avtomobili/lexus_rx_2012_1962721543
Lexus LS, 2018;5 350 000  ₽;Алтуфьево;https://www.avito.ru/moskva/avtomobili/lexus_ls_2018_1447111912
Lexus RX, 2017;3 357 000  ₽;Ясенево;https://www.avito.ru/moskva/avtomobili/lexus_rx_2017_1979994396
Lexus IS, 2000;220 000  ₽;Студенческая;https://www.avito.ru/moskva/avtomobili/lexus_is_2000_1934757808
Lexus GS, 2002;350 000  ₽;Бульвар Рокоссовского;https://www.avito.ru/moskva/avtomobili/lexus_gs_2002_1952537225
Lexus LS, 2001;600 000  ₽;Славянский бульвар;https://www.avito.ru/moskva/avtomobili/lexus_ls_2001_1185428091
Lexus LX, 2013;2 900 000  ₽;Ясенево;https://www.avito.ru/moskva/avtomobili/lexus_lx_2013_1330392780
Lexus GS, 2009;750 000  ₽;Строгино;https://www.avito.ru/moskva/avtomobili/lexus_gs_2009_1937498960
Lexus LX, 2018;6 100 000  ₽;Серпуховская;https://www.avito.ru/moskva/avtomobili/lexus_lx_2018_2006988570
Lexus LX, 2016;5 199 000  ₽;р-н Бирюлёво Восточное;https://www.avito.ru/moskva/avtomobili/lexus_lx_2016_1999179284
Lexus GS, 2006;590 000  ₽;Бунинская аллея;https://www.avito.ru/moskva/avtomobili/lexus_gs_2006_2010032410
Lexus IS, 2014;1 650 000  ₽;Рижская;https://www.avito.ru/moskva/avtomobili/lexus_is_2014_1994370477
Lexus LS, 2010;1 150 000  ₽;Электрозаводская;https://www.avito.ru/moskva/avtomobili/lexus_ls_2010_1946119556
Lexus RX, 2018;3 399 000  ₽;Угрешская;https://www.avito.ru/moskva/avtomobili/lexus_rx_2018_1966468279
Lexus GS, 2014;1 800 000  ₽;Каховская;https://www.avito.ru/moskva/avtomobili/lexus_gs_2014_2009954582
Lexus LX, 2015;3 147 000  ₽;Угрешская;https://www.avito.ru/moskva/avtomobili/lexus_lx_2015_1966057801
Lexus RX, 2012;1 700 000  ₽;Царицыно;https://www.avito.ru/moskva/avtomobili/lexus_rx_2012_1927139664
Lexus NX, 2015;1 707 006  ₽;Планерная;https://www.avito.ru/moskva/avtomobili/lexus_nx_2015_2002873274
Lexus RX, 2012;2 000 000  ₽;Водный стадион;https://www.avito.ru/moskva/avtomobili/lexus_rx_2012_2010795842
Lexus LX, 1999;680 000  ₽;Новохохловская;https://www.avito.ru/moskva/avtomobili/lexus_lx_1999_2007785926
Lexus GS, 2012;1 168 000  ₽;Ясенево;https://www.avito.ru/moskva/avtomobili/lexus_gs_2012_1980781627
Lexus ES, 2017;1 967 000  ₽;Ясенево;https://www.avito.ru/moskva/avtomobili/lexus_es_2017_1980441950
Lexus RX, 2010;1 359 000  ₽;Румянцево;https://www.avito.ru/moskva/avtomobili/lexus_rx_2010_1991897225
Lexus LX, 2013;3 100 000  ₽;Строгино;https://www.avito.ru/moskva/avtomobili/lexus_lx_2013_1264344923
Lexus IS, 2008;750 000  ₽;Марьино;https://www.avito.ru/moskva/avtomobili/lexus_is_2008_1864258257
Lexus ES, 2014;1 569 000  ₽;Румянцево;https://www.avito.ru/moskva/avtomobili/lexus_es_2014_1959089340
Lexus RX, 2014;1 595 000  ₽;Бабушкинская;https://www.avito.ru/moskva/avtomobili/lexus_rx_2014_2013071193
Lexus IS, 2018;1 630 000  ₽;Планерная;https://www.avito.ru/moskva/avtomobili/lexus_is_2018_2002426721
Lexus LX, 2011;2 155 000  ₽;Семеновская;https://www.avito.ru/moskva/avtomobili/lexus_lx_2011_1887759505
Lexus LX, 2017;5 450 000  ₽;Китай-город;https://www.avito.ru/moskva/avtomobili/lexus_lx_2017_2004961045
Lexus NX, 2016;2 255 000  ₽;Домодедовская;https://www.avito.ru/moskva/avtomobili/lexus_nx_2016_1993731726
Lexus GS, 2008;749 000  ₽;Алтуфьево;https://www.avito.ru/moskva/avtomobili/lexus_gs_2008_1994082137
Lexus IS, 2009;330 000  ₽;Алтуфьево;https://www.avito.ru/moskva/avtomobili/lexus_is_2009_1937653204
Lexus NX, 2018;2 345 000  ₽;Ясенево;https://www.avito.ru/moskva/avtomobili/lexus_nx_2018_1980201222
Lexus GS, 1999;299 000  ₽;Улица академика Янгеля;https://www.avito.ru/moskva/avtomobili/lexus_gs_1999_1988858774
Lexus ES, 2012;1 220 000  ₽;Планерная;https://www.avito.ru/moskva/avtomobili/lexus_es_2012_1969974218
Lexus GS, 2006;430 000  ₽;Бутырская;https://www.avito.ru/moskva/avtomobili/lexus_gs_2006_1796974182
Lexus LS, 2004;605 000  ₽;Медведково;https://www.avito.ru/moskva/avtomobili/lexus_ls_2004_1944074305
Lexus RX, 2014;1 995 000  ₽;Ясенево;https://www.avito.ru/moskva/avtomobili/lexus_rx_2014_1980867361
Lexus GX, 2002;980 000  ₽;Охотный ряд;https://www.avito.ru/moskva/avtomobili/lexus_gx_2002_1921486338
Lexus IS, 2007;610 000  ₽;Новые Черемушки;https://www.avito.ru/moskva/avtomobili/lexus_is_2007_1952668224
Lexus RX, 2018;3 167 000  ₽;Угрешская;https://www.avito.ru/moskva/avtomobili/lexus_rx_2018_1966843940
Lexus NX, 2017;2 149 000  ₽;Беломорская;https://www.avito.ru/moskva/avtomobili/lexus_nx_2017_1955298845
Lexus IS, 2014;1 610 000  ₽;Тропарево;https://www.avito.ru/moskva/avtomobili/lexus_is_2014_2010732911
Lexus ES, 2012;1 400 000  ₽;Печатники;https://www.avito.ru/moskva/avtomobili/lexus_es_2012_1880342061
Lexus RX, 2017;2 950 000  ₽;Строгино;https://www.avito.ru/moskva/avtomobili/lexus_rx_2017_1987246505
Lexus IS, 2011;960 000  ₽;Станция метро не указана;https://www.avito.ru/moskva/avtomobili/lexus_is_2011_1990384854
Lexus LS, 2010;910 000  ₽;Верхние Лихоборы;https://www.avito.ru/moskva/avtomobili/lexus_ls_2010_1985267377
Lexus LX, 2015;4 250 000  ₽;Варшавская;https://www.avito.ru/moskva/avtomobili/lexus_lx_2015_1984800763
Lexus LX, 2015;4 300 000  ₽;Отрадное;https://www.avito.ru/moskva/avtomobili/lexus_lx_2015_1969865545
Lexus ES, 2019;3 399 000  ₽;Охотный ряд;https://www.avito.ru/moskva/avtomobili/lexus_es_2019_1991932155
Lexus RX, 2014;1 800 000  ₽;Крылатское;https://www.avito.ru/moskva/avtomobili/lexus_rx_2014_1978507216
Lexus RX, 2014;1 650 000  ₽;Митино;https://www.avito.ru/moskva/avtomobili/lexus_rx_2014_1783085745
Lexus LX, 2008;1 799 000  ₽;Бабушкинская;https://www.avito.ru/moskva/avtomobili/lexus_lx_2008_2013437604
Lexus NX, 2015;1 745 000  ₽;Ясенево;https://www.avito.ru/moskva/avtomobili/lexus_nx_2015_2012059834
Lexus ES, 2016;1 902 558  ₽;Планерная;https://www.avito.ru/moskva/avtomobili/lexus_es_2016_2002352010
Lexus RX, 2012;1 920 000  ₽;Домодедовская;https://www.avito.ru/moskva/avtomobili/lexus_rx_2012_1998137449
Lexus LX, 2007;1 349 000  ₽;Планерная;https://www.avito.ru/moskva/avtomobili/lexus_lx_2007_1840341690
Lexus IS, 2009;850 000  ₽;Зеленоград;https://www.avito.ru/moskva_zelenograd/avtomobili/lexus_is_2009_1901793605
Lexus RX, 2014;2 000 000  ₽;Новогиреево;https://www.avito.ru/moskva/avtomobili/lexus_rx_2014_1993616829
Lexus LX, 2008;1 655 000  ₽;Саларьево;https://www.avito.ru/moskva/avtomobili/lexus_lx_2008_2001185786
Lexus GS, 2012;1 590 000  ₽;Шипиловская;https://www.avito.ru/moskva/avtomobili/lexus_gs_2012_2006271786
Lexus GX, 2003;1 250 000  ₽;Щелковская;https://www.avito.ru/moskva/avtomobili/lexus_gx_2003_1918697424
Lexus NX, 2015;2 150 000  ₽;Автозаводская;https://www.avito.ru/moskva/avtomobili/lexus_nx_2015_2003656049
Lexus GX, 2014;2 699 000  ₽;Угрешская;https://www.avito.ru/moskva/avtomobili/lexus_gx_2014_1966890636
Lexus ES, 2012;1 200 000  ₽;Щелковская;https://www.avito.ru/moskva/avtomobili/lexus_es_2012_1984332282
Lexus RX, 2008;890 000  ₽;ВДНХ;https://www.avito.ru/moskva/avtomobili/lexus_rx_2008_946859546
Lexus NX, 2018;2 218 293  ₽;Планерная;https://www.avito.ru/moskva/avtomobili/lexus_nx_2018_1970763000
Lexus RX, 2010;1 325 000  ₽;Зеленоград;https://www.avito.ru/moskva_zelenograd/avtomobili/lexus_rx_2010_1952665951
Lexus LX, 2011;2 600 000  ₽;Студенческая;https://www.avito.ru/moskva/avtomobili/lexus_lx_2011_1966978760
Lexus LX, 2018;6 397 000  ₽;Угрешская;https://www.avito.ru/moskva/avtomobili/lexus_lx_2018_1998585775
Lexus LS, 2013;2 000 000  ₽;Андроновка;https://www.avito.ru/moskva/avtomobili/lexus_ls_2013_1891228140
Lexus GS, 2005;890 000  ₽;Ясенево;https://www.avito.ru/moskva/avtomobili/lexus_gs_2005_1990407556
Lexus NX, 2017;2 697 000  ₽;Ясенево;https://www.avito.ru/moskva/avtomobili/lexus_nx_2017_2012829504
Lexus SC, 2005;850 000  ₽;Кузьминки;https://www.avito.ru/moskva/avtomobili/lexus_sc_2005_1776559418
Lexus GS, 2008;600 000  ₽;Белорусская;https://www.avito.ru/moskva/avtomobili/lexus_gs_2008_1957376576
Lexus RX, 2008;850 000  ₽;Университет;https://www.avito.ru/moskva/avtomobili/lexus_rx_2008_1986385390
Lexus LX, 2008;1 999 900  ₽;Румянцево;https://www.avito.ru/moskva/avtomobili/lexus_lx_2008_2013641335
Lexus LS, 2010;1 250 000  ₽;Новые Черемушки;https://www.avito.ru/moskva/avtomobili/lexus_ls_2010_1983063231
Lexus IS, 2016;1 500 000  ₽;Раменки;https://www.avito.ru/moskva/avtomobili/lexus_is_2016_1816041685
Lexus LX, 2014;3 370 000  ₽;Озёрная;https://www.avito.ru/moskva/avtomobili/lexus_lx_2014_1950413439
Lexus NX, 2016;1 800 000  ₽;Октябрьское поле;https://www.avito.ru/moskva/avtomobili/lexus_nx_2016_1968184027
Lexus RX, 2015;2 490 000  ₽;ЦСКА;https://www.avito.ru/moskva/avtomobili/lexus_rx_2015_2004999969
Lexus LX, 2014;3 350 000  ₽;Крылатское;https://www.avito.ru/moskva/avtomobili/lexus_lx_2014_1956794346
Lexus GS, 1999;399 000  ₽;Селигерская;https://www.avito.ru/moskva/avtomobili/lexus_gs_1999_1854712494
Lexus NX, 2017;2 170 000  ₽;ЗИЛ;https://www.avito.ru/moskva/avtomobili/lexus_nx_2017_2007246975
Lexus RX, 2011;1 750 000  ₽;Преображенская площадь;https://www.avito.ru/moskva/avtomobili/lexus_rx_2011_1887361738
Lexus RX, 2008;735 000  ₽;Краснопресненская;https://www.avito.ru/moskva/avtomobili/lexus_rx_2008_1946864386
Lexus RX, 2019;4 200 000  ₽;Крылатское;https://www.avito.ru/moskva/avtomobili/lexus_rx_2019_1979796638
Lexus LX, 2013;3 150 000  ₽;Крылатское;https://www.avito.ru/moskva/avtomobili/lexus_lx_2013_1978608404
Lexus LX, 2013;2 799 000  ₽;Планерная;https://www.avito.ru/moskva/avtomobili/lexus_lx_2013_1970906721
Lexus LS, 2007;763 000  ₽;Ясенево;https://www.avito.ru/moskva/avtomobili/lexus_ls_2007_2011963562
Lexus RX, 2006;845 000  ₽;Нагорная;https://www.avito.ru/moskva/avtomobili/lexus_rx_2006_1986329481
Lexus IS, 2006;660 000  ₽;Медведково;https://www.avito.ru/moskva/avtomobili/lexus_is_2006_1970819708
Lexus RX, 2019;3 700 000  ₽;Театральная;https://www.avito.ru/moskva/avtomobili/lexus_rx_2019_1985986367
Lexus GS, 2006;510 000  ₽;Киевская;https://www.avito.ru/moskva/avtomobili/lexus_gs_2006_1982285748
Lexus CT, 2011;999 000  ₽;Угрешская;https://www.avito.ru/moskva/avtomobili/lexus_ct_2011_1966423169
Lexus LX, 2008;1 899 000  ₽;Новокосино;https://www.avito.ru/moskva/avtomobili/lexus_lx_2008_1988342221
Lexus GX, 2014;2 750 000  ₽;Улица 1905 года;https://www.avito.ru/moskva/avtomobili/lexus_gx_2014_1993142485
Lexus LX, 2008;1 948 948  ₽;Бабушкинская;https://www.avito.ru/moskva/avtomobili/lexus_lx_2008_1960196792
Lexus NX, 2018;2 590 000  ₽;Строгино;https://www.avito.ru/moskva/avtomobili/lexus_nx_2018_1986413572
Lexus ES, 2010;350 000  ₽;Охотный ряд;https://www.avito.ru/moskva/avtomobili/lexus_es_2010_1830101728
Lexus NX, 2015;1 965 000  ₽;Домодедовская;https://www.avito.ru/moskva/avtomobili/lexus_nx_2015_2010553240
Lexus NX, 2017;2 399 000  ₽;Планерная;https://www.avito.ru/moskva/avtomobili/lexus_nx_2017_2002211623
Lexus IS, 2007;750 000  ₽;Стахановская;https://www.avito.ru/moskva/avtomobili/lexus_is_2007_1874186109
Lexus RX, 2016;2 965 000  ₽;Алма-Атинская;https://www.avito.ru/moskva/avtomobili/lexus_rx_2016_1994360513
Lexus LX, 2017;5 573 232  ₽;Планерная;https://www.avito.ru/moskva/avtomobili/lexus_lx_2017_2002794940
Lexus LX, 2019;6 197 000  ₽;Ясенево;https://www.avito.ru/moskva/avtomobili/lexus_lx_2019_1980557198
Lexus GX, 2014;3 206 238  ₽;Планерная;https://www.avito.ru/moskva/avtomobili/lexus_gx_2014_2001952834
Lexus LX, 2011;2 000 000  ₽;Строгино;https://www.avito.ru/moskva/avtomobili/lexus_lx_2011_1958605531
Lexus RX, 2016;3 000 000  ₽;ЦСКА;https://www.avito.ru/moskva/avtomobili/lexus_rx_2016_2005025148
Lexus ES, 2017;2 153 109  ₽;Планерная;https://www.avito.ru/moskva/avtomobili/lexus_es_2017_2002038600
Lexus RX, 2014;1 679 000  ₽;Крылатское;https://www.avito.ru/moskva/avtomobili/lexus_rx_2014_1978359962
Lexus GS, 2013;1 290 000  ₽;Римская;https://www.avito.ru/moskva/avtomobili/lexus_gs_2013_1991618707
Lexus RX, 2003;750 000  ₽;Ховрино;https://www.avito.ru/moskva/avtomobili/lexus_rx_2003_1648630656
Lexus LX, 2016;4 297 000  ₽;Угрешская;https://www.avito.ru/moskva/avtomobili/lexus_lx_2016_1966479143
Lexus NX, 2018;2 409 000  ₽;Угрешская;https://www.avito.ru/moskva/avtomobili/lexus_nx_2018_1966552588
Lexus RX, 2012;1 490 000  ₽;Улица Дмитриевского;https://www.avito.ru/moskva/avtomobili/lexus_rx_2012_1542363214
Lexus RX, 2014;1 900 000  ₽;Волжская;https://www.avito.ru/moskva/avtomobili/lexus_rx_2014_1831197230
Lexus LX, 2010;2 470 000  ₽;Домодедовская;https://www.avito.ru/moskva/avtomobili/lexus_lx_2010_1984334693
Lexus NX, 2017;2 269 000  ₽;Планерная;https://www.avito.ru/moskva/avtomobili/lexus_nx_2017_1970621345
Lexus LX, 2013;2 850 000  ₽;Коптево;https://www.avito.ru/moskva/avtomobili/lexus_lx_2013_1972792831
Lexus GX, 2018;3 989 000  ₽;Угрешская;https://www.avito.ru/moskva/avtomobili/lexus_gx_2018_1966146891
Lexus IS, 2006;750 000  ₽;Международная;https://www.avito.ru/moskva/avtomobili/lexus_is_2006_1933315689
Lexus ES, 2012;1 247 000  ₽;Ясенево;https://www.avito.ru/moskva/avtomobili/lexus_es_2012_1948895960
Lexus RX, 2017;3 338 000  ₽;Угрешская;https://www.avito.ru/moskva/avtomobili/lexus_rx_2017_1998403694
Lexus ES, 2014;1 849 000  ₽;Беломорская;https://www.avito.ru/moskva/avtomobili/lexus_es_2014_1987864847
Lexus RX, 2015;2 630 000  ₽;Хорошевская;https://www.avito.ru/moskva/avtomobili/lexus_rx_2015_1961983237
Lexus LX, 2017;5 150 000  ₽;Бабушкинская;https://www.avito.ru/moskva/avtomobili/lexus_lx_2017_1968294813
Lexus ES, 2015;1 820 000  ₽;Коньково;https://www.avito.ru/moskva/avtomobili/lexus_es_2015_2006697746
Lexus LX, 2019;6 200 000  ₽;Боровицкая;https://www.avito.ru/moskva/avtomobili/lexus_lx_2019_2008394649
Lexus GX, 2007;1 350 000  ₽;Селигерская;https://www.avito.ru/moskva/avtomobili/lexus_gx_2007_1553779965
Lexus LX, 2015;4 400 000  ₽;Белорусская;https://www.avito.ru/moskva/avtomobili/lexus_lx_2015_1876021814
Lexus RX, 2013;1 695 000  ₽;Планерная;https://www.avito.ru/moskva/avtomobili/lexus_rx_2013_1970669425
Lexus NX, 2018;2 578 000  ₽;Зябликово;https://www.avito.ru/moskva/avtomobili/lexus_nx_2018_1994580645
Lexus LX, 2013;3 300 000  ₽;Площадь революции;https://www.avito.ru/moskva/avtomobili/lexus_lx_2013_1979695286
Lexus NX, 2016;1 880 000  ₽;Крылатское;https://www.avito.ru/moskva/avtomobili/lexus_nx_2016_1978331929
Lexus RX, 2017;2 650 000  ₽;Чертановская;https://www.avito.ru/moskva/avtomobili/lexus_rx_2017_1921834432
Lexus ES, 2015;1 849 000  ₽;Угрешская;https://www.avito.ru/moskva/avtomobili/lexus_es_2015_1966546519
Lexus IS, 2013;1 830 000  ₽;Марьино;https://www.avito.ru/moskva/avtomobili/lexus_is_2013_1996917465
Lexus GS, 2000;410 000  ₽;Улица Горчакова;https://www.avito.ru/moskva/avtomobili/lexus_gs_2000_1999248482
Lexus RX, 2013;2 100 000  ₽;Домодедовская;https://www.avito.ru/moskva/avtomobili/lexus_rx_2013_2010753331
Lexus IS, 2006;670 000  ₽;Говорово;https://www.avito.ru/moskva/avtomobili/lexus_is_2006_1985453665
Lexus IS, 2000;490 000  ₽;Полянка;https://www.avito.ru/moskva/avtomobili/lexus_is_2000_1978388152
Lexus GS, 2001;395 000  ₽;Зеленоград;https://www.avito.ru/moskva_zelenograd/avtomobili/lexus_gs_2001_1790349007
Lexus RX, 2012;1 750 000  ₽;Рассказовка;https://www.avito.ru/moskva/avtomobili/lexus_rx_2012_1142379285
Lexus IS, 2012;1 164 000  ₽;Планерная;https://www.avito.ru/moskva/avtomobili/lexus_is_2012_2002556407
Lexus RX, 2013;1 850 000  ₽;Речной вокзал;https://www.avito.ru/moskva/avtomobili/lexus_rx_2013_1985728072
Lexus LX, 2008;1 850 000  ₽;Стахановская;https://www.avito.ru/moskva/avtomobili/lexus_lx_2008_1978796880
Lexus RX, 2007;787 000  ₽;Окская;https://www.avito.ru/moskva/avtomobili/lexus_rx_2007_1955014768
Lexus NX, 2018;2 319 000  ₽;Планерная;https://www.avito.ru/moskva/avtomobili/lexus_nx_2018_2002336265
Lexus IS, 2018;2 699 000  ₽;Беломорская;https://www.avito.ru/moskva/avtomobili/lexus_is_2018_1987590360
Lexus LX, 2016;4 700 000  ₽;Митино;https://www.avito.ru/moskva/avtomobili/lexus_lx_2016_1894041140
Lexus LS, 2017;6 300 000  ₽;Семеновская;https://www.avito.ru/moskva/avtomobili/lexus_ls_2017_1984337791
Lexus RX, 2018;3 117 000  ₽;Угрешская;https://www.avito.ru/moskva/avtomobili/lexus_rx_2018_1966861052
Lexus NX, 2017;2 395 000  ₽;Ясенево;https://www.avito.ru/moskva/avtomobili/lexus_nx_2017_1980030472
Lexus NX, 2017;2 150 000  ₽;Строгино;https://www.avito.ru/moskva/avtomobili/lexus_nx_2017_1980874808
Lexus NX, 2017;2 320 000  ₽;Улица Скобелевская;https://www.avito.ru/moskva/avtomobili/lexus_nx_2017_1974325637
Lexus LX, 2001;979 000  ₽;Окская;https://www.avito.ru/moskva/avtomobili/lexus_lx_2001_1987113187
Lexus NX, 2017;2 168 000  ₽;Угрешская;https://www.avito.ru/moskva/avtomobili/lexus_nx_2017_1998118488
Lexus ES, 2018;1 710 000  ₽;Ховрино;https://www.avito.ru/moskva/avtomobili/lexus_es_2018_1978894130
Lexus LS, 2012;1 940 000  ₽;Алтуфьево;https://www.avito.ru/moskva/avtomobili/lexus_ls_2012_1977947697
Lexus ES, 2019;3 299 000  ₽;Планерная;https://www.avito.ru/moskva/avtomobili/lexus_es_2019_1938232654
Lexus RX, 2006;810 000  ₽;Планерная;https://www.avito.ru/moskva/avtomobili/lexus_rx_2006_1970225109
Lexus GS, 2008;800 000  ₽;Строгино;https://www.avito.ru/moskva/avtomobili/lexus_gs_2008_2009124339
Lexus NX, 2015;2 100 000  ₽;Хорошевская;https://www.avito.ru/moskva/avtomobili/lexus_nx_2015_1994375088
Lexus RX, 2004;770 000  ₽;Римская;https://www.avito.ru/moskva/avtomobili/lexus_rx_2004_1957271587
Lexus LX, 2008;2 700 000  ₽;Площадь революции;https://www.avito.ru/moskva/avtomobili/lexus_lx_2008_1949118261
Lexus LX, 2008;1 798 000  ₽;Планерная;https://www.avito.ru/moskva/avtomobili/lexus_lx_2008_2002780375
Lexus RX, 2003;949 000  ₽;Планерная;https://www.avito.ru/moskva/avtomobili/lexus_rx_2003_1969958190
Lexus RX, 2018;3 219 000  ₽;Румянцево;https://www.avito.ru/moskva/avtomobili/lexus_rx_2018_1991276772
Lexus NX, 2016;1 890 000  ₽;Домодедовская;https://www.avito.ru/moskva/avtomobili/lexus_nx_2016_1992414644
Lexus LX, 2016;5 080 000  ₽;Площадь революции;https://www.avito.ru/moskva/avtomobili/lexus_lx_2016_2004574536
Lexus NX, 2017;2 244 000  ₽;Зябликово;https://www.avito.ru/moskva/avtomobili/lexus_nx_2017_1994719797
Lexus LX, 2008;1 757 000  ₽;Ясенево;https://www.avito.ru/moskva/avtomobili/lexus_lx_2008_2012635968
Lexus RX, 2012;1 698 000  ₽;Угрешская;https://www.avito.ru/moskva/avtomobili/lexus_rx_2012_1998298872
Lexus RX, 2016;2 549 000  ₽;Алтуфьево;https://www.avito.ru/moskva/avtomobili/lexus_rx_2016_1994327346
Lexus RX, 2011;1 127 000  ₽;Ясенево;https://www.avito.ru/moskva/avtomobili/lexus_rx_2011_2012292366
Lexus NX, 2015;2 200 000  ₽;Пятницкое шоссе;https://www.avito.ru/moskva/avtomobili/lexus_nx_2015_1974839177
Lexus LX, 2012;2 828 000  ₽;Угрешская;https://www.avito.ru/moskva/avtomobili/lexus_lx_2012_1997993974
Lexus LS, 2006;890 000  ₽;Улица Горчакова;https://www.avito.ru/moskva/avtomobili/lexus_ls_2006_2012335535
Lexus RX, 2012;1 559 000  ₽;Улица Дмитриевского;https://www.avito.ru/moskva/avtomobili/lexus_rx_2012_1876820458
Lexus LS, 2013;2 188 000  ₽;Алексеевская;https://www.avito.ru/moskva/avtomobili/lexus_ls_2013_2008735722
Lexus GS, 2012;1 690 000  ₽;Улица Горчакова;https://www.avito.ru/moskva/avtomobili/lexus_gs_2012_1989658932
Lexus IS, 2008;625 000  ₽;Беломорская;https://www.avito.ru/moskva/avtomobili/lexus_is_2008_1998141137
Lexus RX, 2011;1 585 000  ₽;Преображенская площадь;https://www.avito.ru/moskva/avtomobili/lexus_rx_2011_1917926557
Lexus ES, 2014;1 400 000  ₽;Озёрная;https://www.avito.ru/moskva/avtomobili/lexus_es_2014_1888281730
Lexus LS, 2008;750 000  ₽;Лермонтовский проспект;https://www.avito.ru/moskva/avtomobili/lexus_ls_2008_1852019003
Lexus LX, 2002;1 200 000  ₽;Жулебино;https://www.avito.ru/moskva/avtomobili/lexus_lx_2002_1932157210
Lexus RX, 2019;3 099 000  ₽;ЗИЛ;https://www.avito.ru/moskva/avtomobili/lexus_rx_2019_1943308351
Lexus GS, 2010;780 000  ₽;Зеленоград;https://www.avito.ru/moskva_zelenograd/avtomobili/lexus_gs_2010_1957686022
Lexus NX, 2016;2 177 000  ₽;ЗИЛ;https://www.avito.ru/moskva/avtomobili/lexus_nx_2016_2007853786
Lexus IS, 2008;995 000  ₽;Молодежная;https://www.avito.ru/moskva/avtomobili/lexus_is_2008_1978450241
Lexus LX, 2008;1 799 000  ₽;Крылатское;https://www.avito.ru/moskva/avtomobili/lexus_lx_2008_1978411633
Lexus GS, 2005;830 000  ₽;Домодедовская;https://www.avito.ru/moskva/avtomobili/lexus_gs_2005_1760102896
Lexus NX, 2017;2 050 000  ₽;Домодедовская;https://www.avito.ru/moskva/avtomobili/lexus_nx_2017_2010805105
Lexus RX, 2016;3 160 000  ₽;Павелецкая;https://www.avito.ru/moskva/avtomobili/lexus_rx_2016_1880069263
Lexus NX, 2016;2 139 900  ₽;Мякинино;https://www.avito.ru/moskva/avtomobili/lexus_nx_2016_2006483344
Lexus GS, 2012;1 099 000  ₽;Новохохловская;https://www.avito.ru/moskva/avtomobili/lexus_gs_2012_1975291259
Lexus LX, 2017;5 999 000  ₽;Строгино;https://www.avito.ru/moskva/avtomobili/lexus_lx_2017_1903023199
Lexus UX, 2019;2 499 000  ₽;Угрешская;https://www.avito.ru/moskva/avtomobili/lexus_ux_2019_1998320352
Lexus LS, 2010;1 200 000  ₽;Юго-Восточная;https://www.avito.ru/moskva/avtomobili/lexus_ls_2010_1867673949
Lexus GX, 2007;1 600 000  ₽;Охотный ряд;https://www.avito.ru/moskva/avtomobili/lexus_gx_2007_1809531116
Lexus RX, 2017;3 525 000  ₽;ВДНХ;https://www.avito.ru/moskva/avtomobili/lexus_rx_2017_1989869047
Lexus GS, 2007;580 000  ₽;Выхино;https://www.avito.ru/moskva/avtomobili/lexus_gs_2007_1954444999
Lexus LX, 2000;790 000  ₽;Бибирево;https://www.avito.ru/moskva/avtomobili/lexus_lx_2000_539821026
Lexus LX, 2006;1 410 000  ₽;Площадь революции;https://www.avito.ru/moskva/avtomobili/lexus_lx_2006_1845043255
Lexus GS, 2010;520 000  ₽;Кожуховская;https://www.avito.ru/moskva/avtomobili/lexus_gs_2010_2001909327
Lexus ES, 2012;1 300 000  ₽;Планерная;https://www.avito.ru/moskva/avtomobili/lexus_es_2012_1990211603
Lexus IS, 2013;2 000 000  ₽;Коломенская;https://www.avito.ru/moskva/avtomobili/lexus_is_2013_1948320506
Lexus LX, 2009;2 149 000  ₽;Озёрная;https://www.avito.ru/moskva/avtomobili/lexus_lx_2009_2006336409
Lexus IS, 2011;1 070 000  ₽;Медведково;https://www.avito.ru/moskva/avtomobili/lexus_is_2011_1839382934
Lexus RX, 2005;825 000  ₽;Алтуфьево;https://www.avito.ru/moskva/avtomobili/lexus_rx_2005_1983126051
Lexus RX, 2009;1 230 000  ₽;Хорошевская;https://www.avito.ru/moskva/avtomobili/lexus_rx_2009_1994688414
Lexus LX, 2009;1 975 000  ₽;Нагатинская;https://www.avito.ru/moskva/avtomobili/lexus_lx_2009_1983583726
Lexus UX, 2019;2 460 000  ₽;Ховрино;https://www.avito.ru/moskva/avtomobili/lexus_ux_2019_1946301491
Lexus RX, 2014;1 928 000  ₽;Угрешская;https://www.avito.ru/moskva/avtomobili/lexus_rx_2014_1965973395
Lexus RX, 2017;3 185 000  ₽;Угрешская;https://www.avito.ru/moskva/avtomobili/lexus_rx_2017_1998421108
Lexus LS, 2007;1 250 000  ₽;Теплый стан;https://www.avito.ru/moskva/avtomobili/lexus_ls_2007_1992099449
Lexus RX, 2007;80 000  ₽;Отрадное;https://www.avito.ru/moskva/avtomobili/lexus_rx_2007_1663659917
Lexus GS, 2007;800 000  ₽;Отрадное;https://www.avito.ru/moskva/avtomobili/lexus_gs_2007_2004423580
Lexus IS, 2007;719 000  ₽;Алтуфьево;https://www.avito.ru/moskva/avtomobili/lexus_is_2007_1992599591
Lexus LX, 2020;8 350 000  ₽;Площадь революции;https://www.avito.ru/moskva/avtomobili/lexus_lx_2020_1986326247
Lexus NX, 2015;2 299 000  ₽;Планерная;https://www.avito.ru/moskva/avtomobili/lexus_nx_2015_1970162122
Lexus IS, 1999;700 000  ₽;Каширская;https://www.avito.ru/moskva/avtomobili/lexus_is_1999_1969368731
Lexus RX, 2014;1 799 999  ₽;Первомайская;https://www.avito.ru/moskva/avtomobili/lexus_rx_2014_1860459577
Lexus NX, 2018;2 690 000  ₽;ЦСКА;https://www.avito.ru/moskva/avtomobili/lexus_nx_2018_1953581341
Lexus NX, 2016;2 250 000  ₽;Чистые пруды;https://www.avito.ru/moskva/avtomobili/lexus_nx_2016_1958610057
Lexus NX, 2015;1 945 000  ₽;Крылатское;https://www.avito.ru/moskva/avtomobili/lexus_nx_2015_1978473353
Lexus LX, 2016;4 547 000  ₽;Угрешская;https://www.avito.ru/moskva/avtomobili/lexus_lx_2016_1966670757
Lexus LX, 2017;5 110 000  ₽;Ховрино;https://www.avito.ru/moskva/avtomobili/lexus_lx_2017_1978003548
Lexus LS, 2006;720 000  ₽;Улица 1905 года;https://www.avito.ru/moskva/avtomobili/lexus_ls_2006_1973475476
Lexus NX, 2016;2 250 000  ₽;Площадь революции;https://www.avito.ru/moskva/avtomobili/lexus_nx_2016_1944134213
Lexus LX, 2020;8 120 000  ₽;Площадь революции;https://www.avito.ru/moskva/avtomobili/lexus_lx_2020_1986243790
Lexus NX, 2016;2 780 000  ₽;Домодедовская;https://www.avito.ru/moskva/avtomobili/lexus_nx_2016_2010877904
Lexus RX, 2017;2 999 000  ₽;Крылатское;https://www.avito.ru/moskva/avtomobili/lexus_rx_2017_1978064011
Lexus RX, 2010;1 387 000  ₽;Ясенево;https://www.avito.ru/moskva/avtomobili/lexus_rx_2010_2012360256
Lexus RX, 2018;3 200 000  ₽;Аннино;https://www.avito.ru/moskva/avtomobili/lexus_rx_2018_955833237
Lexus RX, 1999;329 900  ₽;Мякинино;https://www.avito.ru/moskva/avtomobili/lexus_rx_1999_2006141995
Lexus IS, 2007;895 000  ₽;Шаболовская;https://www.avito.ru/moskva/avtomobili/lexus_is_2007_1874235513
Lexus GS, 1996;220 000  ₽;Новые Черемушки;https://www.avito.ru/moskva/avtomobili/lexus_gs_1996_1984782483
Lexus RX, 2019;3 370 000  ₽;Ростокино;https://www.avito.ru/moskva/avtomobili/lexus_rx_2019_1963848089
Lexus GX, 2005;1 255 000  ₽;Строгино;https://www.avito.ru/moskva/avtomobili/lexus_gx_2005_1987025506
Lexus RX, 2011;1 399 000  ₽;Тимирязевская;https://www.avito.ru/moskva/avtomobili/lexus_rx_2011_1963127014
Lexus LX, 2010;2 322 000  ₽;Верхние Лихоборы;https://www.avito.ru/moskva/avtomobili/lexus_lx_2010_2004379125
Lexus NX, 2017;2 597 000  ₽;Волгоградский проспект;https://www.avito.ru/moskva/avtomobili/lexus_nx_2017_2004336266
Lexus ES, 2015;1 800 000  ₽;Боровское шоссе;https://www.avito.ru/moskva/avtomobili/lexus_es_2015_2009690745
Lexus NX, 2016;2 205 000  ₽;Ясенево;https://www.avito.ru/moskva/avtomobili/lexus_nx_2016_2012897891
Lexus GS, 2012;179 999  ₽;Международная;https://www.avito.ru/moskva/avtomobili/lexus_gs_2012_1973947091
Lexus GS, 2007;550 000  ₽;Щелковская;https://www.avito.ru/moskva/avtomobili/lexus_gs_2007_1197714290
Lexus LX, 2012;3 049 000  ₽;Хорошевская;https://www.avito.ru/moskva/avtomobili/lexus_lx_2012_1955230635
Lexus IS, 2013;1 530 900  ₽;Планерная;https://www.avito.ru/moskva/avtomobili/lexus_is_2013_1970898069
Lexus LX, 2016;5 500 000  ₽;Крылатское;https://www.avito.ru/moskva/avtomobili/lexus_lx_2016_1882571174
Lexus GS, 2015;2 490 000  ₽;Академическая;https://www.avito.ru/moskva/avtomobili/lexus_gs_2015_1962349586
Lexus NX, 2016;2 159 000  ₽;Проспект Вернадского;https://www.avito.ru/moskva/avtomobili/lexus_nx_2016_2001677866
Lexus ES, 2016;1 840 000  ₽;Хорошевская;https://www.avito.ru/moskva/avtomobili/lexus_es_2016_1994570251
Lexus LS, 2013;2 250 000  ₽;Маяковская;https://www.avito.ru/moskva/avtomobili/lexus_ls_2013_1772787194
Lexus NX, 2016;2 149 000  ₽;Домодедовская;https://www.avito.ru/moskva/avtomobili/lexus_nx_2016_1978406915
Lexus RX, 2007;1 150 000  ₽;Ленинский проспект;https://www.avito.ru/moskva/avtomobili/lexus_rx_2007_2008261858
Lexus RX, 2015;2 145 000  ₽;Люблино;https://www.avito.ru/moskva/avtomobili/lexus_rx_2015_1974871353
Lexus RX, 2018;3 250 000  ₽;Улица академика Янгеля;https://www.avito.ru/moskva/avtomobili/lexus_rx_2018_1874593620
Lexus LX, 2013;3 099 000  ₽;Угрешская;https://www.avito.ru/moskva/avtomobili/lexus_lx_2013_1998485372
Lexus RX, 2011;1 358 000  ₽;Ясенево;https://www.avito.ru/moskva/avtomobili/lexus_rx_2011_1980404439
Lexus LX, 2012;2 898 000  ₽;Ясенево;https://www.avito.ru/moskva/avtomobili/lexus_lx_2012_1980306102
Lexus LX, 2013;2 800 000  ₽;Новохохловская;https://www.avito.ru/moskva/avtomobili/lexus_lx_2013_1975043620
Lexus LX, 2016;6 400 000  ₽;Площадь революции;https://www.avito.ru/moskva/avtomobili/lexus_lx_2016_1983045053
Lexus NX, 2017;2 499 000  ₽;Чертановская;https://www.avito.ru/moskva/avtomobili/lexus_nx_2017_1769407955
Lexus NX, 2015;2 295 000  ₽;Хорошевская;https://www.avito.ru/moskva/avtomobili/lexus_nx_2015_1994676045
Lexus ES, 2013;1 419 000  ₽;Угрешская;https://www.avito.ru/moskva/avtomobili/lexus_es_2013_1998025438
Lexus NX, 2018;2 298 754  ₽;Планерная;https://www.avito.ru/moskva/avtomobili/lexus_nx_2018_2002804393
Lexus GS, 2009;830 000  ₽;Строгино;https://www.avito.ru/moskva/avtomobili/lexus_gs_2009_1834440149
Lexus RX, 2017;3 750 000  ₽;Курская;https://www.avito.ru/moskva/avtomobili/lexus_rx_2017_1762880058
Lexus RX, 2014;2 500 000  ₽;Нагатинская;https://www.avito.ru/moskva/avtomobili/lexus_rx_2014_1835412099
Lexus GS, 2005;725 000  ₽;Станция метро не указана;https://www.avito.ru/moskva/avtomobili/lexus_gs_2005_1828461318
Lexus LX, 2013;3 380 000  ₽;Новогиреево;https://www.avito.ru/moskva/avtomobili/lexus_lx_2013_1862460482
Lexus RX, 2015;1 799 000  ₽;Крылатское;https://www.avito.ru/moskva/avtomobili/lexus_rx_2015_1978695110
Lexus NX, 2017;2 180 000  ₽;Домодедовская;https://www.avito.ru/moskva/avtomobili/lexus_nx_2017_1978655766
Lexus GS, 2000;495 000  ₽;Зеленоград;https://www.avito.ru/moskva_zelenograd/avtomobili/lexus_gs_2000_1920567733
Lexus RX, 2009;1 390 000  ₽;Хорошевская;https://www.avito.ru/moskva/avtomobili/lexus_rx_2009_1994916914
Lexus NX, 2015;1 990 000  ₽;Молодежная;https://www.avito.ru/moskva/avtomobili/lexus_nx_2015_2006706104
Lexus RX, 2019;4 350 000  ₽;Беломорская;https://www.avito.ru/moskva/avtomobili/lexus_rx_2019_1995659262
Lexus RX, 2018;4 100 000  ₽;Алтуфьево;https://www.avito.ru/moskva/avtomobili/lexus_rx_2018_1966138561
Lexus GS, 2008;860 000  ₽;Бабушкинская;https://www.avito.ru/moskva/avtomobili/lexus_gs_2008_1797621624
Lexus NX, 2014;2 299 999  ₽;Новослободская;https://www.avito.ru/moskva/avtomobili/lexus_nx_2014_1913378365
Lexus LX, 2003;1 290 000  ₽;Говорово;https://www.avito.ru/moskva/avtomobili/lexus_lx_2003_1893852748
Lexus RX, 1998;398 000  ₽;Ясенево;https://www.avito.ru/moskva/avtomobili/lexus_rx_1998_1980022225
Lexus NX, 2018;2 339 000  ₽;Крылатское;https://www.avito.ru/moskva/avtomobili/lexus_nx_2018_1978803808
Lexus NX, 2015;2 300 000  ₽;Волоколамская;https://www.avito.ru/moskva/avtomobili/lexus_nx_2015_1512391070
Lexus ES, 2013;1 499 000  ₽;Планерная;https://www.avito.ru/moskva/avtomobili/lexus_es_2013_1970676573
Lexus ES, 2012;1 392 289  ₽;Планерная;https://www.avito.ru/moskva/avtomobili/lexus_es_2012_2002797692
Lexus GX, 2015;3 200 000  ₽;Аннино;https://www.avito.ru/moskva/avtomobili/lexus_gx_2015_1963846518
Lexus LX, 2017;9 900 000  ₽;ЗИЛ;https://www.avito.ru/moskva/avtomobili/lexus_lx_2017_1975474915
Lexus LS, 2004;650 000  ₽;Алма-Атинская;https://www.avito.ru/moskva/avtomobili/lexus_ls_2004_1957168558
Lexus NX, 2016;2 150 000  ₽;Хорошевская;https://www.avito.ru/moskva/avtomobili/lexus_nx_2016_1994310763
Lexus NX, 2016;2 049 000  ₽;Домодедовская;https://www.avito.ru/moskva/avtomobili/lexus_nx_2016_1978410588
Lexus RX, 2016;300 000  ₽;Верхние Лихоборы;https://www.avito.ru/moskva/avtomobili/lexus_rx_2016_1991673252
Lexus RX, 2014;1 759 000  ₽;Новохохловская;https://www.avito.ru/moskva/avtomobili/lexus_rx_2014_1975305276
Lexus RX, 2015;2 829 000  ₽;Проспект Вернадского;https://www.avito.ru/moskva/avtomobili/lexus_rx_2015_2001805710
Lexus NX, 2019;3 475 000  ₽;Ховрино;https://www.avito.ru/moskva/avtomobili/lexus_nx_2019_2010795575
Lexus RX, 2010;1 339 000  ₽;Новохохловская;https://www.avito.ru/moskva/avtomobili/lexus_rx_2010_2007500788
Lexus IS, 2003;535 000  ₽;Новогиреево;https://www.avito.ru/moskva/avtomobili/lexus_is_2003_1958449764
Lexus LS, 2015;2 150 000  ₽;Шаболовская;https://www.avito.ru/moskva/avtomobili/lexus_ls_2015_1889508776
Lexus NX, 2015;2 106 000  ₽;ЗИЛ;https://www.avito.ru/moskva/avtomobili/lexus_nx_2015_1975537896
Lexus NX, 2017;2 329 000  ₽;Угрешская;https://www.avito.ru/moskva/avtomobili/lexus_nx_2017_1966807391
Lexus LX, 2013;3 000 000  ₽;Крылатское;https://www.avito.ru/moskva/avtomobili/lexus_lx_2013_1978269321
Lexus NX, 2019;3 499 000  ₽;Крылатское;https://www.avito.ru/moskva/avtomobili/lexus_nx_2019_1978225112
Lexus RX, 2016;2 897 000  ₽;Молодежная;https://www.avito.ru/moskva/avtomobili/lexus_rx_2016_1974025607
Lexus NX, 2016;2 399 000  ₽;Алтуфьево;https://www.avito.ru/moskva/avtomobili/lexus_nx_2016_1981099313
Lexus RX, 2015;2 965 000  ₽;Строгино;https://www.avito.ru/moskva/avtomobili/lexus_rx_2015_1994278386
Lexus RX, 2016;2 765 000  ₽;Строгино;https://www.avito.ru/moskva/avtomobili/lexus_rx_2016_1987863991
Lexus GS, 2010;1 033 000  ₽;Ясенево;https://www.avito.ru/moskva/avtomobili/lexus_gs_2010_1980857987
Lexus NX, 2016;2 875 000  ₽;Домодедовская;https://www.avito.ru/moskva/avtomobili/lexus_nx_2016_2010259959
Lexus GS, 2013;185 000  ₽;Лубянка;https://www.avito.ru/moskva/avtomobili/lexus_gs_2013_1817657080
